team,Years in EPL,wins,losses,goals,total_yel_card,total_red_card,total_scoring_att,ontarget_scoring_att,hit_woodwork,att_hd_goal,att_pen_goal,att_freekick_goal,att_ibox_goal,att_obox_goal,goal_fastbreak,total_offside,clean_sheet,goals_conceded,saves,outfielder_block,interception,total_tackle,last_man_tackle,total_clearance,own_goals,penalty_conceded,pen_goals_conceded,total_pass,total_long_balls,total_cross,corner_taken,touches,clearance_off_line,penalty_save,total_high_claim,punches,season,Group,Indiv Group,Team,Total Goals,Total Wins,Indiv Years in EPL,Avg WPS,Avg.goals
Manchester United,12,28,5,83,60,1,698,256,21,12,5,1,72,11,9,80,16,27,2,81,254,890,1,1222,1,5,3,18723,2397,918,258,25686,1,2,37,25,2006-2007,1,3,AFC Bournemouth,145,34,3,11,48
Chelsea,12,24,3,64,62,4,636,216,14,16,3,6,41,23,6,127,22,24,4,74,292,982,0,1206,1,3,2,16759,2270,897,231,24010,2,1,74,22,2006-2007,1,1,Arsenal,861,255,12,21,72
Liverpool,12,20,10,57,44,0,668,214,15,8,6,1,46,11,3,120,20,27,1,65,246,969,2,1115,0,1,1,17154,2800,1107,282,24150,1,0,51,27,2006-2007,1,1,Aston Villa,523,113,10,11,52
Arsenal,12,19,8,63,59,3,638,226,19,10,10,3,53,10,7,111,12,35,6,73,214,998,1,1202,1,3,3,18458,2045,873,278,25592,1,0,88,27,2006-2007,1,3,Birmingham City,121,29,3,10,40
Tottenham Hotspur,12,17,12,57,48,3,520,184,6,5,6,2,44,13,9,149,6,54,11,128,276,995,2,1412,2,7,6,14914,2408,796,181,22200,2,0,51,24,2006-2007,1,2,Blackburn Rovers,277,72,6,12,46
Bolton Wanderers,6,16,14,47,84,4,404,120,7,10,6,0,38,9,3,95,12,52,13,101,235,811,0,1037,3,8,6,12400,2403,942,217,18932,6,2,44,21,2006-2007,2,3,Blackpool,55,10,1,10,55
Reading,3,16,15,52,38,3,419,132,8,15,3,0,42,10,3,87,13,47,4,95,277,855,0,1022,3,6,6,11232,2378,1067,280,18017,2,0,63,21,2006-2007,3,2,Bolton Wanderers,264,68,6,11,44
Blackburn Rovers,6,15,16,52,77,6,478,155,5,12,5,3,43,9,2,142,8,54,22,114,282,864,2,1095,2,11,6,14033,2544,911,205,20812,8,5,56,25,2006-2007,2,3,Brighton and Hove Albion,34,9,1,9,34
Everton,12,15,10,52,65,2,465,153,9,9,8,2,44,8,3,81,14,36,5,120,303,860,1,1386,3,4,2,12274,2288,867,208,19250,2,1,83,15,2006-2007,1,2,Burnley,145,40,4,10,36
Portsmouth,4,14,12,45,48,1,525,186,9,13,2,0,32,13,2,141,12,42,14,96,220,948,1,1164,0,8,6,12616,2276,783,247,19377,4,2,79,30,2006-2007,2,3,Cardiff City,32,7,1,7,32
Middlesbrough,4,12,16,44,64,2,454,144,7,7,4,1,37,7,3,89,9,49,18,119,238,841,1,1243,1,7,7,12779,2403,769,187,19199,5,0,78,37,2006-2007,2,3,Charlton Athletic,34,8,1,8,34
West Ham United,11,12,21,35,85,2,461,134,8,3,1,2,27,8,3,92,9,59,4,132,233,860,1,1232,2,4,4,13178,2403,849,196,20040,5,0,64,25,2006-2007,1,1,Chelsea,859,276,12,23,72
Aston Villa,10,11,10,43,48,1,470,154,9,5,6,1,34,9,6,147,13,41,1,115,221,936,0,1212,1,4,3,13254,2152,886,213,20002,5,0,57,26,2006-2007,1,2,Crystal Palace,214,60,5,12,43
Manchester City,12,11,18,29,59,4,454,147,5,3,2,0,23,6,5,142,14,44,0,110,234,986,1,1213,2,3,2,12765,2059,811,198,19378,4,1,64,17,2006-2007,1,3,Derby County,20,1,1,1,20
Newcastle United,10,11,17,38,65,1,454,140,11,8,5,0,30,8,6,102,7,47,5,141,361,965,0,1004,2,2,2,14628,2649,793,195,21213,9,0,48,26,2006-2007,1,1,Everton,652,185,12,15,54
Sheffield United,1,10,20,32,68,2,483,147,14,10,2,2,25,7,2,82,9,55,3,122,203,917,2,1217,2,8,7,11123,2248,800,178,17713,8,1,43,21,2006-2007,3,2,Fulham,341,87,8,11,43
Wigan Athletic,7,10,20,37,73,3,474,147,9,6,3,1,31,6,2,84,10,59,13,91,204,809,0,1206,5,7,5,11353,2418,813,177,17564,4,2,61,29,2006-2007,2,3,Huddersfield Town,28,9,1,9,28
Charlton Athletic,1,8,20,34,56,4,418,133,11,6,4,1,27,7,2,96,11,60,5,138,340,919,0,1483,2,7,5,12722,2466,750,178,19497,7,2,50,13,2006-2007,3,2,Hull City,181,41,5,8,36
Fulham,8,8,15,38,56,3,451,142,8,8,3,1,30,8,0,94,7,60,12,98,198,901,0,1386,2,8,6,11820,2214,895,173,18720,6,1,45,22,2006-2007,2,2,Leicester City,218,58,4,15,55
Watford,4,5,20,29,45,2,418,135,10,4,3,0,24,5,0,122,9,59,17,117,221,744,1,1179,5,6,5,10175,2263,983,212,16772,3,0,63,15,2006-2007,2,1,Liverpool,643,234,12,20,54
Manchester United,12,27,5,80,51,2,696,260,16,12,6,6,64,16,7,100,21,22,2,96,446,978,2,2022,0,1,1,17422,2417,936,261,26620,10,0,47,23,2007-2008,1,1,Manchester City,866,256,12,21,72
Chelsea,12,25,3,65,63,5,605,199,12,10,7,1,52,13,3,128,21,26,4,101,506,917,4,1687,0,3,3,17252,2154,945,253,26290,8,0,62,19,2007-2008,1,1,Manchester United,867,290,12,24,72
Arsenal,12,24,3,74,55,3,627,208,13,14,5,1,65,9,7,110,15,31,0,91,505,878,1,1840,2,4,3,18831,1946,888,234,28156,2,1,45,26,2007-2008,1,2,Middlesbrough,142,34,4,9,36
Liverpool,12,21,4,67,45,1,686,214,13,7,5,2,51,16,7,93,18,28,0,83,614,1089,2,1952,2,5,4,16360,2761,932,237,25857,4,1,42,22,2007-2008,1,1,Newcastle United,446,116,10,12,45
Everton,12,19,11,55,40,3,474,169,4,13,1,1,48,7,7,73,14,33,0,133,496,816,2,2136,1,4,4,12397,2142,877,198,21360,8,0,55,20,2007-2008,1,2,Norwich City,160,39,4,10,40
Aston Villa,10,16,10,71,54,4,511,182,11,16,6,5,55,16,3,115,9,51,3,139,461,885,0,2220,3,4,2,11438,1982,932,229,20734,6,2,40,14,2007-2008,1,2,Portsmouth,165,47,4,12,41
Portsmouth,4,16,13,48,55,3,559,160,9,4,4,2,35,13,6,95,16,40,4,105,521,963,1,2103,3,4,2,12794,2278,663,184,21907,4,2,77,28,2007-2008,2,3,Queens Park Rangers,115,22,3,7,38
Blackburn Rovers,6,15,10,50,72,6,530,185,14,11,5,1,40,10,3,95,8,48,0,116,550,833,3,2065,1,6,4,13650,2281,883,196,22599,5,2,59,27,2007-2008,2,3,Reading,136,32,3,11,45
Manchester City,12,15,13,45,50,4,423,143,5,5,2,2,34,11,3,103,11,53,4,151,482,916,3,1852,2,4,2,15149,2289,695,156,23416,7,2,45,43,2007-2008,1,3,Sheffield United,32,10,1,10,32
West Ham United,11,13,15,42,63,1,500,154,15,7,2,2,34,8,3,117,8,50,1,142,444,848,1,1952,1,6,2,13773,2376,910,207,22347,8,3,77,19,2007-2008,1,2,Southampton,294,79,6,13,49
Newcastle United,10,11,17,45,63,1,481,153,10,10,4,2,34,10,1,102,8,65,0,132,553,876,1,1823,1,2,2,13947,2420,966,209,22761,8,0,35,20,2007-2008,1,1,Stoke City,398,116,10,12,40
Sunderland,10,11,21,36,65,4,483,137,7,10,1,0,31,5,2,75,7,59,0,125,650,892,0,2051,3,9,9,12727,2244,889,183,21415,5,0,40,25,2007-2008,1,1,Sunderland,398,95,10,10,40
Tottenham Hotspur,12,11,14,66,51,1,555,195,19,12,4,1,59,7,9,123,9,61,0,125,534,960,2,2043,1,1,1,15466,2428,994,238,24679,6,0,46,21,2007-2008,1,2,Swansea City,306,82,7,12,44
Middlesbrough,4,10,16,43,86,2,499,152,13,9,2,2,37,6,6,126,8,53,0,136,528,835,0,2139,5,2,2,12200,2341,960,219,21064,2,0,68,38,2007-2008,2,1,Tottenham Hotspur,764,228,12,19,64
Reading,3,10,22,41,59,5,441,132,10,12,2,1,35,6,3,60,8,66,7,128,452,800,2,1783,2,7,3,10431,2199,1087,238,19140,6,2,61,28,2007-2008,3,2,Watford,153,39,4,10,38
Wigan Athletic,7,10,18,34,59,4,489,141,11,6,4,1,28,6,3,137,12,51,5,129,531,883,3,1837,1,4,2,11684,2163,767,186,19855,7,1,68,14,2007-2008,2,2,West Bromwich Albion,379,93,9,10,42
Bolton Wanderers,6,9,19,36,76,0,451,149,14,5,0,2,30,6,2,111,12,54,0,145,542,866,3,2166,4,5,5,11854,2163,905,208,20846,6,0,47,20,2007-2008,2,1,West Ham United,498,127,11,12,45
Birmingham City,3,8,19,46,70,3,414,143,6,6,6,5,34,12,1,78,3,62,0,143,515,935,3,2145,1,8,8,10630,2219,774,193,19541,6,0,77,11,2007-2008,3,2,Wigan Athletic,271,70,7,10,39
Fulham,8,8,18,38,55,6,469,154,7,7,2,4,29,9,3,91,7,60,0,119,466,851,2,2072,2,5,5,12576,2311,849,183,21259,4,0,55,27,2007-2008,2,3,Wolverhampton Wanderers,118,25,3,8,39
Derby County,1,1,29,20,63,1,376,116,7,3,0,0,15,5,2,103,3,89,8,129,510,898,5,2042,2,4,4,11739,2168,804,158,20140,5,0,68,24,2007-2008,3,,,,,,,
Manchester United,12,28,4,68,61,5,715,230,9,7,4,4,56,12,12,99,24,24,,120,640,741,8,1322,1,3,3,19416,2192,1039,257,30077,3,0,56,22,2008-2009,1,,,,,,,
Chelsea,12,25,5,68,50,3,797,248,17,12,2,2,59,9,4,114,22,24,,124,504,773,15,1069,1,1,0,19923,2121,938,237,29962,3,1,111,35,2008-2009,1,,,,,,,
Liverpool,12,25,2,77,50,0,736,224,26,14,5,2,65,12,4,98,20,27,,66,657,927,5,1279,3,2,2,19505,2714,1021,269,29875,0,0,61,19,2008-2009,1,,,,,,,
Arsenal,12,20,6,68,58,3,662,220,22,14,5,0,62,6,7,88,16,37,,87,872,875,6,1280,3,5,3,18991,2044,1069,267,29877,9,2,65,26,2008-2009,1,,,,,,,
Aston Villa,10,17,10,54,54,2,472,159,15,10,4,2,44,10,10,85,13,48,,146,710,982,11,1764,0,6,6,12419,2208,1119,257,23020,4,0,32,26,2008-2009,1,,,,,,,
Everton,12,17,9,55,49,1,496,169,12,14,4,4,47,8,0,99,17,37,,146,660,775,12,1602,2,3,3,15024,2299,1022,191,25205,4,0,74,25,2008-2009,1,,,,,,,
Manchester City,12,15,18,58,49,4,572,201,11,3,6,2,52,6,8,79,10,50,,124,740,939,18,1496,2,4,3,15971,2229,690,210,26120,7,1,54,34,2008-2009,1,,,,,,,
Fulham,8,14,13,39,40,1,511,149,11,2,5,0,33,6,5,92,15,34,,153,667,812,10,1632,0,2,1,16100,2297,765,188,26306,8,1,70,44,2008-2009,2,,,,,,,
Tottenham Hotspur,12,14,15,45,54,5,544,177,7,5,3,0,39,6,7,85,13,45,,122,743,781,7,1511,2,4,3,15723,2099,1005,221,26576,6,0,69,56,2008-2009,1,,,,,,,
West Ham United,11,14,15,42,66,4,515,167,12,4,1,1,37,5,4,130,10,45,,190,606,896,13,1601,2,6,3,15316,1901,720,189,25662,7,2,65,37,2008-2009,1,,,,,,,
Stoke City,10,12,17,38,73,5,364,100,11,14,5,0,35,3,1,65,12,55,,169,574,688,11,1555,2,3,2,9478,2171,697,174,18693,7,0,85,41,2008-2009,1,,,,,,,
Wigan Athletic,7,12,17,34,59,4,590,163,10,3,5,2,29,5,2,101,13,45,,110,685,934,12,1636,1,3,2,12319,2226,943,210,23071,10,1,38,20,2008-2009,2,,,,,,,
Bolton Wanderers,6,11,19,41,62,1,488,154,7,10,0,3,35,6,2,71,7,53,,183,555,890,14,1880,2,7,6,10649,2078,853,201,20876,5,1,42,28,2008-2009,2,,,,,,,
Blackburn Rovers,6,10,17,40,74,4,473,148,13,9,4,1,35,5,0,119,10,60,,119,557,824,14,1649,2,6,5,13436,2307,865,199,23450,9,0,48,36,2008-2009,2,,,,,,,
Portsmouth,4,10,17,38,58,5,500,152,19,10,2,1,32,6,2,81,8,57,,113,653,922,17,1552,0,7,6,14497,2379,852,194,25414,9,1,79,26,2008-2009,2,,,,,,,
Sunderland,10,9,20,34,69,1,473,144,10,8,1,1,27,7,4,96,9,54,,173,609,888,6,1596,2,5,3,14144,2126,985,172,24442,4,1,58,27,2008-2009,1,,,,,,,
Hull City,5,8,19,39,71,3,476,149,9,13,3,3,33,6,5,141,6,64,,160,624,811,15,1677,4,3,2,11809,2363,930,186,21712,4,1,56,22,2008-2009,2,,,,,,,
West Bromwich Albion,9,8,22,36,67,1,559,165,16,4,3,3,31,5,5,101,8,67,,136,591,803,14,1477,0,4,4,14518,2311,962,226,24904,5,0,60,24,2008-2009,2,,,,,,,
Middlesbrough,4,7,20,28,55,3,498,140,7,1,1,2,25,3,0,121,7,57,,144,607,784,23,1582,6,2,2,13124,2130,983,172,23322,5,0,85,18,2008-2009,2,,,,,,,
Newcastle United,10,7,18,40,57,8,444,125,12,10,4,0,38,2,2,73,7,59,,142,591,735,22,1278,2,9,8,14172,2300,895,165,24327,5,1,40,24,2008-2009,1,,,,,,,
Chelsea,12,27,6,103,54,5,834,288,13,16,11,3,94,9,8,96,18,32,0,103,705,772,10,1055,1,5,4,18852,2071,1083,286,28914,3,1,87,30,2009-2010,1,,,,,,,
Manchester United,12,27,7,86,49,4,695,221,12,14,6,3,77,9,6,85,19,28,0,100,602,828,13,983,0,2,2,19318,2205,1156,297,28968,2,0,65,18,2009-2010,1,,,,,,,
Arsenal,12,23,9,83,56,1,660,233,15,11,3,2,65,18,9,93,14,41,3,89,839,818,26,1091,2,7,5,19291,1837,1023,257,29807,3,2,75,24,2009-2010,1,,,,,,,
Tottenham Hotspur,12,21,10,67,58,1,681,226,13,12,2,2,59,8,6,117,13,41,4,129,804,844,10,1360,0,9,6,15474,2535,912,241,25855,6,3,93,48,2009-2010,1,,,,,,,
Liverpool,12,18,11,61,55,5,642,189,20,6,3,0,53,8,4,62,17,35,0,81,763,958,6,1094,2,4,3,18575,2454,1017,268,28704,1,1,52,28,2009-2010,1,,,,,,,
Manchester City,12,18,7,73,49,2,526,195,9,9,5,3,63,10,10,120,11,45,0,120,805,802,18,1269,1,7,5,16323,2335,809,237,26446,4,2,45,21,2009-2010,1,,,,,,,
Aston Villa,10,17,8,52,59,2,497,158,5,12,5,0,44,8,4,81,15,39,0,225,690,880,6,1531,3,6,6,13127,2055,1031,236,23210,10,0,39,39,2009-2010,1,,,,,,,
Everton,12,16,9,60,57,2,589,194,12,16,5,2,52,8,2,94,11,49,0,137,827,768,19,1601,3,2,0,14832,2335,1022,230,24914,4,2,52,17,2009-2010,1,,,,,,,
Birmingham City,3,13,14,38,74,1,452,155,7,3,2,4,30,8,4,98,11,47,0,193,777,785,4,1499,1,3,3,13540,2433,736,186,23678,5,0,78,35,2009-2010,3,,,,,,,
Blackburn Rovers,6,13,14,41,57,2,489,161,18,11,3,0,35,6,2,124,13,55,0,132,730,709,12,1557,1,2,2,11792,2203,752,181,21245,6,0,61,32,2009-2010,2,,,,,,,
Fulham,8,12,16,39,46,1,463,144,7,4,4,2,30,9,0,92,12,46,5,147,752,745,10,1459,5,2,2,16505,2104,727,177,26134,5,0,99,29,2009-2010,2,,,,,,,
Stoke City,10,11,13,34,63,5,402,113,5,9,2,0,32,2,1,86,14,48,4,184,738,724,8,1632,1,6,3,10307,2176,661,181,19825,3,3,117,17,2009-2010,1,,,,,,,
Sunderland,10,11,16,48,77,9,444,159,11,10,6,1,44,4,6,93,7,56,0,162,829,890,10,1641,2,6,5,12489,2265,884,180,22903,7,0,54,30,2009-2010,1,,,,,,,
Bolton Wanderers,6,10,19,42,74,5,558,163,10,10,4,2,38,4,0,58,5,67,0,147,735,912,15,1638,4,5,3,11404,2277,875,183,21587,9,2,50,19,2009-2010,2,,,,,,,
Wigan Athletic,7,9,20,37,65,3,555,174,13,10,1,2,32,5,1,50,8,79,0,131,743,908,13,1353,1,7,7,14753,2607,681,181,25000,11,0,46,20,2009-2010,2,,,,,,,
Wolverhampton Wanderers,3,9,18,32,63,4,436,119,8,6,2,0,29,3,0,65,8,56,0,127,537,705,15,1618,3,6,5,13020,2307,940,204,22641,6,1,118,29,2009-2010,3,,,,,,,
Burnley,4,8,24,42,57,2,459,153,14,6,6,2,38,4,2,66,3,82,0,147,661,686,13,1552,2,9,5,13591,2348,825,174,23571,7,3,55,27,2009-2010,2,,,,,,,
West Ham United,11,8,19,47,62,3,549,191,12,13,7,1,41,6,0,92,8,66,4,160,755,830,10,1623,3,6,5,14616,2197,689,180,24973,8,1,72,35,2009-2010,1,,,,,,,
Portsmouth,4,7,24,34,68,5,533,151,7,7,3,1,31,3,2,93,7,66,0,135,681,774,14,1356,3,9,8,13509,1977,818,189,23416,4,1,83,27,2009-2010,2,,,,,,,
Hull City,5,6,20,34,64,6,388,120,6,8,6,2,27,7,1,86,7,75,0,157,674,760,12,1528,5,8,7,11731,2128,753,150,21522,4,1,59,46,2009-2010,2,,,,,,,
Manchester United,12,23,4,78,56,3,618,212,15,18,3,1,71,7,5,102,15,37,0,107,646,693,17,1053,1,6,5,18870,2279,1005,243,26671,2,0,45,16,2010-2011,1,,,,,,,
Chelsea,12,21,9,69,59,1,745,244,21,12,6,2,61,8,4,113,15,33,0,127,616,769,19,762,1,3,2,19236,2044,995,257,27426,7,1,84,22,2010-2011,1,,,,,,,
Manchester City,12,21,9,60,71,5,546,177,16,4,8,2,51,9,2,103,18,33,2,130,629,826,4,1206,0,4,3,17768,1721,762,222,25892,2,1,66,27,2010-2011,1,,,,,,,
Arsenal,12,19,8,72,65,6,654,238,23,9,4,1,67,5,3,93,13,43,0,94,709,772,3,1077,1,9,6,20150,1462,928,252,28629,4,2,56,25,2010-2011,1,,,,,,,
Liverpool,12,17,14,59,63,2,582,205,12,8,6,1,54,5,3,87,14,44,0,128,592,908,2,1073,3,8,7,16728,2038,824,212,24941,6,0,74,26,2010-2011,1,,,,,,,
Tottenham Hotspur,12,16,8,55,51,2,657,191,15,10,5,0,40,15,3,59,8,46,0,139,661,754,16,1363,1,6,4,16791,2407,954,256,25438,6,2,68,50,2010-2011,1,,,,,,,
Everton,12,13,10,51,55,5,580,181,8,14,3,2,43,8,4,78,9,45,0,149,470,768,12,1265,2,2,2,14371,2232,1019,245,22628,2,0,51,30,2010-2011,1,,,,,,,
Stoke City,10,13,18,46,68,2,482,143,20,11,3,2,42,4,4,74,9,48,0,156,532,716,13,1316,2,5,3,10349,2062,766,191,18195,5,2,64,20,2010-2011,1,,,,,,,
Aston Villa,10,12,14,48,71,2,506,165,19,13,4,2,42,6,4,92,7,59,0,183,667,844,16,1116,1,4,4,14611,1970,973,230,22681,7,0,30,25,2010-2011,1,,,,,,,
Bolton Wanderers,6,12,16,52,67,5,570,173,9,10,4,1,44,8,3,57,5,56,0,150,627,939,17,1466,0,6,3,12704,2360,850,197,21351,10,2,46,22,2010-2011,2,,,,,,,
Sunderland,10,12,15,45,57,5,532,154,10,7,4,1,40,5,2,98,13,56,0,134,694,820,17,1291,1,6,5,14166,2220,863,181,22628,16,0,62,40,2010-2011,1,,,,,,,
West Bromwich Albion,9,12,15,56,52,7,597,184,12,10,4,1,50,6,3,102,2,71,0,126,662,725,10,1088,5,6,6,14252,2286,807,187,22224,8,0,38,23,2010-2011,2,,,,,,,
Blackburn Rovers,6,11,17,46,65,5,453,135,10,9,1,2,39,7,1,87,8,59,0,183,734,748,11,1521,1,8,6,11178,2057,821,173,19421,8,0,50,26,2010-2011,2,,,,,,,
Fulham,8,11,11,49,52,1,547,172,10,15,2,2,42,7,2,100,14,43,0,120,668,799,5,1513,5,1,0,16345,2059,865,191,24796,12,1,82,37,2010-2011,2,,,,,,,
Newcastle United,10,11,14,56,78,2,507,168,10,15,5,0,50,6,1,82,9,57,0,134,608,666,11,1025,2,6,5,14194,2104,1022,202,22108,7,0,56,26,2010-2011,1,,,,,,,
Wolverhampton Wanderers,3,11,20,46,62,2,459,139,14,10,3,1,41,5,1,93,5,66,0,151,520,677,11,1205,2,4,4,14823,2350,1104,241,22772,7,0,84,19,2010-2011,3,,,,,,,
Blackpool,1,10,19,55,47,2,531,161,11,8,7,3,44,11,3,97,6,78,3,206,451,780,7,1616,5,3,2,15113,2582,836,183,23616,16,0,49,29,2010-2011,3,,,,,,,
Wigan Athletic,7,9,14,40,67,4,511,170,9,3,2,5,32,8,5,71,7,61,0,116,763,914,20,1196,0,6,4,15180,2217,620,169,23517,5,1,50,25,2010-2011,2,,,,,,,
Birmingham City,3,8,15,37,57,3,401,121,11,10,2,0,34,3,1,91,9,58,0,179,573,668,7,1261,4,6,5,14036,2657,784,150,21652,9,1,71,21,2010-2011,3,,,,,,,
West Ham United,11,7,19,43,59,1,572,174,18,9,5,0,38,5,1,120,5,70,0,184,583,783,13,1353,2,6,5,13367,2126,814,181,21823,9,1,39,41,2010-2011,1,,,,,,,
Manchester City,12,28,5,93,51,5,738,250,21,10,7,1,73,20,6,85,17,29,1,111,631,694,6,930,2,3,2,20863,1734,843,269,28620,6,1,39,21,2011-2012,1,,,,,,,
Manchester United,12,28,5,89,51,1,646,243,17,16,9,2,74,15,2,89,20,33,0,138,574,803,6,1165,2,3,2,20184,2189,1018,279,28113,3,1,37,26,2011-2012,1,,,,,,,
Arsenal,12,21,10,74,64,4,637,236,15,9,2,2,64,10,9,88,13,49,0,93,605,751,25,766,5,4,3,20599,1665,896,262,28338,3,1,52,27,2011-2012,1,,,,,,,
Tottenham Hotspur,12,20,9,66,43,3,701,230,12,5,4,1,52,14,5,93,14,41,0,122,716,733,12,1045,1,1,1,19564,2323,846,279,27761,6,0,28,12,2011-2012,1,,,,,,,
Newcastle United,10,19,11,56,67,2,489,154,19,6,2,3,44,12,4,97,15,51,1,143,621,744,8,987,0,9,7,14638,2130,730,171,22210,12,2,59,23,2011-2012,1,,,,,,,
Chelsea,12,18,10,65,74,4,671,224,20,12,4,0,60,5,2,70,10,46,1,111,637,698,5,881,1,6,4,18766,2021,972,253,26276,10,0,70,17,2011-2012,1,,,,,,,
Everton,12,15,12,50,60,2,520,164,12,9,5,1,42,8,1,116,12,40,2,145,617,624,6,1130,3,4,1,15063,2048,877,180,22706,2,2,57,25,2011-2012,1,,,,,,,
Fulham,8,14,14,48,54,0,541,195,24,7,3,2,42,6,3,85,11,51,0,141,644,669,3,1005,2,3,3,17669,2004,649,187,24891,4,0,69,26,2011-2012,2,,,,,,,
Liverpool,12,14,14,47,53,5,667,207,33,8,1,2,40,7,3,128,12,40,0,108,505,728,5,720,3,5,4,18797,2260,1103,309,26450,2,1,22,19,2011-2012,1,,,,,,,
West Bromwich Albion,9,13,17,45,48,1,544,167,13,9,1,2,35,10,3,128,10,52,4,167,556,683,6,960,2,9,7,14691,1776,783,212,22205,7,2,60,19,2011-2012,2,,,,,,,
Norwich City,4,12,15,52,58,3,514,164,7,15,2,1,47,5,4,74,3,66,0,157,468,692,6,1451,1,7,5,15165,2430,863,165,22830,9,2,56,20,2011-2012,2,,,,,,,
Swansea City,7,12,15,44,40,2,472,145,14,7,5,1,36,8,1,67,14,51,0,146,579,709,3,1048,2,3,1,20795,2121,721,201,28300,3,2,69,22,2011-2012,2,,,,,,,
Stoke City,10,11,15,36,60,2,376,94,7,14,4,0,33,3,1,62,9,53,11,157,461,655,4,1910,3,7,7,10831,2194,826,166,18936,4,0,68,23,2011-2012,1,,,,,,,
Sunderland,10,11,15,45,60,4,458,141,11,8,1,5,32,13,3,76,12,46,0,194,652,824,7,1158,2,5,3,13913,2135,864,181,21770,8,1,65,26,2011-2012,1,,,,,,,
Wigan Athletic,7,11,17,42,67,3,519,162,13,6,5,1,29,13,2,71,8,62,0,129,578,729,7,925,1,8,4,15715,2154,744,212,22943,3,4,42,23,2011-2012,2,,,,,,,
Bolton Wanderers,6,10,22,46,50,5,495,163,8,7,5,0,40,6,0,55,3,77,0,169,694,732,9,1255,1,3,2,13580,2123,769,210,21694,8,1,58,16,2011-2012,2,,,,,,,
Queens Park Rangers,3,10,21,43,54,9,539,150,15,10,2,3,36,7,0,83,7,66,0,187,547,764,1,1412,2,3,3,13383,2149,796,195,21309,8,0,26,22,2011-2012,3,,,,,,,
Blackburn Rovers,6,8,23,48,66,5,453,143,10,13,4,2,41,7,2,58,3,78,0,149,716,690,6,1328,4,3,2,12424,2067,610,166,20036,6,1,53,10,2011-2012,2,,,,,,,
Aston Villa,10,7,14,37,70,2,438,138,9,3,3,0,29,8,1,85,9,53,0,176,740,774,4,1301,2,7,6,13158,1980,834,218,21017,8,0,41,15,2011-2012,1,,,,,,,
Wolverhampton Wanderers,3,5,23,40,64,4,473,152,10,9,3,0,37,3,1,82,4,82,9,159,598,619,4,1178,2,7,5,14860,2249,999,205,22585,6,2,81,22,2011-2012,3,,,,,,,
Manchester United,12,28,5,86,57,1,561,213,24,14,4,1,77,9,2,96,13,43,1,143,514,731,4,1319,4,0,0,19696,1973,962,218,27264,5,0,38,28,2012-2013,1,,,,,,,
Manchester City,12,23,6,66,62,3,660,231,16,6,4,2,57,9,6,75,18,34,1,111,492,683,3,1068,2,2,1,20061,1613,860,269,27525,6,1,28,23,2012-2013,1,,,,,,,
Chelsea,12,22,7,75,51,3,626,212,7,16,9,3,64,11,3,80,14,39,6,104,504,710,4,981,2,1,0,18425,2008,863,240,25959,1,0,53,29,2012-2013,1,,,,,,,
Arsenal,12,21,7,72,42,5,597,205,16,11,5,2,65,7,7,80,14,37,0,94,636,748,19,873,0,6,4,21110,1755,951,260,28862,5,1,31,20,2012-2013,1,,,,,,,
Tottenham Hotspur,12,21,8,66,55,2,681,241,17,6,0,2,50,16,6,77,9,46,0,90,721,745,8,1595,1,3,3,16647,2028,884,262,25155,6,0,44,30,2012-2013,1,,,,,,,
Everton,12,16,7,55,59,3,633,207,21,13,2,1,44,11,4,100,11,40,4,126,592,720,7,1172,2,2,2,15829,2055,989,257,23854,8,0,61,28,2012-2013,1,,,,,,,
Liverpool,12,16,9,71,54,2,739,232,19,9,5,3,59,12,1,110,16,43,0,107,526,795,2,914,1,5,4,19802,2040,794,284,27722,3,1,38,23,2012-2013,1,,,,,,,
West Bromwich Albion,9,14,17,53,63,4,506,170,15,13,5,0,46,7,5,100,8,57,2,158,377,698,1,1079,3,6,5,14367,1896,778,202,21491,3,1,77,15,2012-2013,2,,,,,,,
West Ham United,11,12,16,45,74,1,492,158,9,9,4,2,38,7,2,82,11,53,2,166,459,728,4,1520,1,2,2,12582,1910,1014,212,20669,4,0,36,6,2012-2013,1,,,,,,,
Fulham,8,11,17,50,48,3,460,160,19,10,6,1,43,7,2,74,8,60,0,161,745,680,3,1274,0,6,3,16940,2131,733,176,24744,7,3,67,24,2012-2013,2,,,,,,,
Newcastle United,10,11,19,45,71,4,533,174,12,6,4,3,34,11,2,84,6,68,0,115,478,732,9,1584,1,4,4,14599,2285,941,203,23005,5,0,74,38,2012-2013,1,,,,,,,
Swansea City,7,11,14,47,58,2,504,167,11,7,0,1,41,6,2,87,10,51,0,157,697,686,2,1353,1,5,4,19943,2024,790,193,27641,10,1,51,25,2012-2013,2,,,,,,,
Aston Villa,10,10,17,47,72,3,438,141,10,7,3,1,35,12,6,97,5,69,2,177,769,741,9,1520,5,8,7,14247,1900,676,177,22314,9,1,101,25,2012-2013,1,,,,,,,
Norwich City,4,10,14,41,60,1,413,134,7,13,1,4,36,5,0,97,10,58,0,141,540,676,4,1146,3,7,4,13403,1994,837,172,20675,5,2,46,19,2012-2013,2,,,,,,,
Southampton,6,9,15,49,43,2,516,167,16,9,3,2,45,4,2,86,7,60,0,109,779,819,21,1275,5,5,2,16810,1826,917,209,25365,3,3,56,16,2012-2013,2,,,,,,,
Stoke City,10,9,14,34,78,4,390,114,12,9,3,0,33,1,1,72,12,45,9,159,499,728,5,1161,4,6,6,12287,1989,855,165,19830,3,0,91,6,2012-2013,1,,,,,,,
Sunderland,10,9,17,41,62,3,417,139,7,2,4,1,33,8,3,68,11,54,0,178,582,784,9,1155,4,4,4,13109,1952,868,179,20782,8,0,52,39,2012-2013,1,,,,,,,
Wigan Athletic,7,9,20,47,66,2,500,170,7,9,1,2,42,5,3,83,5,73,0,135,692,716,3,901,3,7,6,17927,2048,813,198,25173,5,1,41,28,2012-2013,2,,,,,,,
Reading,3,6,22,43,45,1,394,128,9,12,4,1,39,4,2,80,5,73,0,166,560,602,10,1300,0,4,4,11806,1855,1009,189,19613,12,0,47,37,2012-2013,3,,,,,,,
Queens Park Rangers,3,4,21,30,59,3,500,146,9,4,1,0,18,12,3,108,7,60,0,174,660,818,4,1363,5,3,3,13632,1800,683,170,21941,8,0,56,37,2012-2013,3,,,,,,,
Manchester City,12,27,6,102,72,1,673,238,19,10,6,5,86,16,5,59,16,37,88,61,496,756,8,938,2,1,1,20761,1791,892,283,28341,0,0,64,31,2013-2014,1,,,,,,,
Liverpool,12,26,6,101,54,1,651,258,27,14,10,6,82,19,9,78,10,50,107,127,465,848,3,1339,6,4,3,19599,1895,643,224,28172,5,1,36,29,2013-2014,1,,,,,,,
Chelsea,12,25,6,71,57,3,692,229,19,6,5,2,54,17,5,106,18,27,96,95,380,733,4,1141,2,1,1,18266,2052,809,248,26541,2,0,42,16,2013-2014,1,,,,,,,
Arsenal,12,24,7,68,53,4,523,213,15,12,3,0,63,5,4,74,17,41,116,101,541,714,14,1207,2,6,5,21561,1799,753,210,29825,3,1,70,27,2013-2014,1,,,,,,,
Everton,12,21,8,61,55,1,561,196,14,6,3,5,49,12,3,80,15,39,117,130,463,744,9,1103,4,6,3,18301,2239,848,251,26857,2,2,59,14,2013-2014,1,,,,,,,
Tottenham Hotspur,12,21,11,55,66,4,588,192,12,6,5,2,45,10,4,64,14,51,106,81,560,750,4,974,3,5,3,17933,2121,849,230,26241,3,1,41,38,2013-2014,1,,,,,,,
Manchester United,12,19,12,64,66,3,526,183,16,10,5,5,53,11,1,97,13,43,103,108,595,676,4,1382,1,4,3,18894,2077,1000,216,27367,1,0,32,14,2013-2014,1,,,,,,,
Newcastle United,10,15,19,43,53,6,579,182,14,8,2,1,35,8,3,78,10,59,108,101,601,736,15,1110,1,5,5,16087,1810,787,190,24484,4,0,51,21,2013-2014,1,,,,,,,
Southampton,6,15,12,54,60,0,534,179,16,10,3,2,46,8,2,97,15,46,85,66,528,805,6,1201,1,3,3,19577,2401,877,210,28030,1,0,50,18,2013-2014,2,,,,,,,
Crystal Palace,5,13,19,33,58,2,414,143,9,6,5,1,28,5,2,71,12,48,119,139,695,845,7,1409,2,6,6,11792,1904,706,172,20309,4,0,81,8,2013-2014,2,,,,,,,
Stoke City,10,13,14,45,72,5,428,137,14,2,4,2,31,14,3,81,9,52,127,153,474,791,5,1090,1,7,5,15324,1970,731,164,23324,2,2,84,17,2013-2014,1,,,,,,,
Swansea City,7,11,18,54,55,3,496,161,7,9,4,0,45,9,0,76,8,54,96,117,644,674,7,1083,1,4,4,21113,2126,902,226,29158,6,0,45,20,2013-2014,2,,,,,,,
West Ham United,11,11,20,40,62,5,422,122,11,5,2,1,36,4,2,76,14,51,151,199,404,651,12,1401,1,6,6,12364,2061,951,185,20511,8,0,54,9,2013-2014,1,,,,,,,
Aston Villa,10,10,20,39,78,0,431,135,11,10,2,3,33,6,4,84,9,61,110,126,460,747,4,1068,4,6,5,13856,2298,749,163,21453,3,1,102,15,2013-2014,1,,,,,,,
Hull City,5,10,21,38,53,4,427,132,16,10,2,1,30,8,2,86,10,53,106,146,616,723,4,1048,2,4,3,15267,2181,853,160,22985,6,1,24,24,2013-2014,2,,,,,,,
Sunderland,10,10,20,41,69,7,491,138,10,7,6,1,37,4,4,70,11,60,160,144,414,702,2,903,6,2,2,14457,2092,749,188,21922,3,0,71,20,2013-2014,1,,,,,,,
Fulham,8,9,24,40,58,1,431,149,11,7,2,1,31,9,1,86,5,85,154,182,499,702,4,1351,5,4,4,14674,2180,708,194,22771,12,0,71,21,2013-2014,2,,,,,,,
Norwich City,4,8,21,28,62,2,467,148,15,7,1,1,19,9,1,48,12,62,125,154,529,675,4,1071,3,4,4,14747,2105,818,197,22570,10,0,72,11,2013-2014,2,,,,,,,
Cardiff City,1,7,22,32,49,1,418,124,10,9,1,0,28,4,0,81,7,74,157,178,491,619,4,1268,0,2,2,14007,2047,792,196,22018,5,0,59,13,2013-2014,3,,,,,,,
West Bromwich Albion,9,7,16,43,67,0,487,146,6,6,2,0,35,8,1,91,7,59,114,125,595,701,1,1176,2,7,5,14704,1942,834,187,22866,0,2,65,14,2013-2014,2,,,,,,,
Chelsea,12,26,3,73,73,4,564,210,15,10,4,1,66,7,1,75,17,32,90,102,376,759,2,1027,1,3,3,20268,2276,682,226,27861,2,0,73,13,2014-2015,1,,,,,,,
Manchester City,12,24,7,83,77,2,670,229,18,5,7,3,68,15,9,78,14,38,93,98,569,751,1,872,3,4,3,22107,1937,795,277,29652,1,1,52,31,2014-2015,1,,,,,,,
Arsenal,12,22,7,71,68,2,610,227,13,10,6,3,62,9,2,64,13,36,96,106,762,739,3,1006,1,3,3,20527,1749,866,254,29045,2,0,76,13,2014-2015,1,,,,,,,
Manchester United,12,20,8,62,64,5,512,180,11,12,3,2,55,7,2,87,11,37,100,96,679,739,4,1118,1,4,3,21311,2969,908,214,29044,5,1,33,7,2014-2015,1,,,,,,,
Tottenham Hotspur,12,19,12,58,79,4,527,171,11,8,3,4,47,11,2,77,9,53,119,117,674,815,6,1047,2,7,5,19322,2357,742,224,27495,1,1,51,28,2014-2015,1,,,,,,,
Liverpool,12,18,12,52,66,3,590,192,12,5,5,1,44,8,2,75,14,48,93,105,442,798,9,1175,2,3,1,19374,2151,638,198,27353,3,2,38,41,2014-2015,1,,,,,,,
Southampton,6,18,14,54,57,3,509,169,17,3,2,0,50,4,0,93,15,33,80,94,619,813,5,875,0,2,2,18184,2729,952,208,25815,4,0,50,15,2014-2015,2,,,,,,,
Swansea City,7,16,14,46,48,5,426,147,12,5,2,2,38,8,1,80,13,49,141,146,693,634,0,1203,1,2,2,17877,2291,634,151,25645,3,0,91,31,2014-2015,2,,,,,,,
Stoke City,10,15,14,48,82,1,500,136,9,14,3,0,41,7,1,75,9,45,96,134,496,729,8,1159,0,5,5,15386,2429,887,195,23427,3,0,68,12,2014-2015,1,,,,,,,
Crystal Palace,5,13,16,47,63,4,441,139,14,10,5,4,41,6,0,77,7,51,94,154,600,791,2,1270,0,6,4,12071,2609,834,209,20386,7,2,77,9,2014-2015,2,,,,,,,
Everton,12,12,15,48,66,2,483,166,11,10,4,1,40,8,5,83,10,50,80,167,444,657,8,1280,2,4,4,18809,2563,690,194,26729,3,0,71,24,2014-2015,1,,,,,,,
West Ham United,11,12,15,44,64,2,488,152,13,15,1,1,35,9,1,91,9,47,133,165,505,647,7,1474,2,5,2,13568,2548,968,241,21793,3,3,52,15,2014-2015,1,,,,,,,
Leicester City,4,11,19,46,49,4,456,137,12,7,3,0,38,8,3,60,10,55,124,161,750,791,5,1177,5,4,3,13343,2706,912,211,21547,2,0,38,26,2014-2015,2,,,,,,,
West Bromwich Albion,9,11,16,38,64,3,412,132,10,16,4,0,35,3,1,65,16,51,131,155,585,696,2,1084,0,7,5,14445,2732,712,171,21820,4,1,76,13,2014-2015,2,,,,,,,
Aston Villa,10,10,20,31,70,7,418,125,5,7,1,1,28,3,2,70,10,57,112,135,487,623,6,1130,1,4,4,16527,2740,766,171,23785,2,0,77,18,2014-2015,1,,,,,,,
Newcastle United,10,10,19,40,65,7,468,143,6,7,1,0,34,6,1,38,8,63,98,100,639,824,6,1020,1,4,4,15019,2378,864,222,23375,3,0,53,21,2014-2015,1,,,,,,,
Hull City,5,8,19,33,73,6,428,131,11,10,1,0,30,3,2,72,10,51,102,158,607,763,2,1316,0,3,1,14864,2726,804,169,22464,7,2,36,23,2014-2015,2,,,,,,,
Queens Park Rangers,3,8,24,42,75,3,534,150,16,10,3,1,34,8,1,81,6,73,142,159,561,781,6,1445,4,4,2,13659,3004,756,179,21907,6,2,57,20,2014-2015,3,,,,,,,
Burnley,4,7,19,28,64,2,430,125,13,8,1,1,24,4,0,64,10,53,128,180,568,615,3,1458,2,5,3,13632,3021,783,171,21624,8,2,53,15,2014-2015,2,,,,,,,
Sunderland,10,7,14,31,94,2,408,130,11,8,4,2,25,6,2,69,13,53,144,168,578,759,4,994,5,4,4,14451,2484,687,186,22037,3,0,82,17,2014-2015,1,,,,,,,
Leicester City,4,23,3,68,48,3,522,179,11,11,10,0,65,3,6,50,15,36,99,166,819,869,0,1040,0,4,4,13370,2695,762,197,21710,7,0,49,22,2015-2016,2,,,,,,,
Arsenal,12,20,7,65,40,4,571,211,21,13,1,1,61,4,3,86,18,36,118,128,734,709,4,849,3,1,1,21249,1859,754,227,29337,3,0,45,20,2015-2016,1,,,,,,,
Manchester City,12,19,10,71,61,0,615,210,15,13,5,0,57,14,5,63,16,41,86,66,630,729,3,940,1,1,1,20488,2082,866,257,28396,2,0,38,41,2015-2016,1,,,,,,,
Manchester United,12,19,10,49,65,1,430,144,9,5,3,1,44,5,2,75,18,35,90,96,594,760,4,755,2,2,2,20070,2649,786,228,27542,4,0,29,13,2015-2016,1,,,,,,,
Tottenham Hotspur,12,19,6,69,72,0,659,252,19,7,5,2,59,10,3,72,13,35,89,140,645,805,1,1046,3,2,2,18649,2554,738,254,27014,2,0,38,27,2015-2016,1,,,,,,,
Southampton,6,18,11,59,57,6,519,166,13,15,3,1,53,6,3,98,12,41,94,136,709,714,3,1101,0,1,1,15913,2509,956,220,23716,6,0,36,12,2015-2016,2,,,,,,,
Liverpool,12,16,10,63,61,3,629,202,16,12,2,1,48,15,1,91,11,50,81,108,549,871,4,871,1,3,2,19733,2370,780,265,27890,2,1,41,18,2015-2016,1,,,,,,,
West Ham United,11,16,8,65,58,5,558,185,19,15,4,4,55,10,2,82,11,51,111,162,668,711,1,1003,2,8,6,15031,2568,805,224,23104,8,2,50,19,2015-2016,1,,,,,,,
Stoke City,10,14,15,41,51,4,419,128,5,9,5,0,33,8,0,103,10,55,121,149,576,710,7,826,0,5,5,16342,2379,683,153,23663,3,0,59,15,2015-2016,1,,,,,,,
Chelsea,12,12,12,59,58,5,526,173,4,6,4,4,48,11,1,90,9,53,122,136,518,790,2,790,2,4,3,19664,2312,732,240,27362,4,1,54,27,2015-2016,1,,,,,,,
Swansea City,7,12,15,42,60,1,441,136,14,6,5,3,35,7,3,82,9,52,119,134,679,638,2,1058,5,2,2,18169,2416,725,163,25989,2,0,85,34,2015-2016,2,,,,,,,
Watford,4,12,17,40,73,3,446,140,9,5,6,1,37,3,0,52,11,50,121,111,764,794,1,931,2,8,4,14530,2939,704,164,22363,2,3,67,66,2015-2016,2,,,,,,,
AFC Bournemouth,3,11,18,45,53,1,464,143,8,11,3,0,39,6,0,66,7,67,90,106,640,709,1,951,0,6,4,17270,2484,749,221,25291,2,2,58,12,2015-2016,3,,,,,,,
Crystal Palace,5,11,18,39,60,2,469,153,12,7,4,1,33,6,0,81,8,51,122,176,698,649,3,963,4,4,4,13785,2759,969,219,21861,4,0,43,5,2015-2016,2,,,,,,,
Everton,12,11,13,59,44,5,491,175,18,10,4,0,53,6,2,55,10,55,127,160,511,730,3,994,1,6,5,17947,2742,782,218,25741,4,0,53,14,2015-2016,1,,,,,,,
West Bromwich Albion,9,10,15,34,65,3,388,107,10,12,1,1,31,3,0,68,11,48,109,172,721,642,4,992,3,6,5,12262,2661,847,188,19822,5,0,54,14,2015-2016,2,,,,,,,
Newcastle United,10,9,19,44,60,5,397,151,6,12,3,1,38,6,4,59,8,65,115,155,646,793,4,939,2,5,4,15118,2578,775,161,22993,2,1,70,31,2015-2016,1,,,,,,,
Norwich City,4,9,22,39,61,3,418,129,11,3,1,0,33,6,0,93,5,67,103,108,473,608,3,1212,2,10,9,14483,2722,818,188,21936,4,0,63,20,2015-2016,2,,,,,,,
Sunderland,10,9,17,48,64,2,439,141,10,2,3,4,40,8,2,88,7,62,156,144,571,767,4,1277,1,8,7,12799,2635,589,153,20339,7,0,64,19,2015-2016,1,,,,,,,
Aston Villa,10,3,27,27,75,3,380,110,7,6,2,0,21,6,1,42,6,76,116,111,768,731,2,973,4,5,3,15308,2507,796,167,23234,5,1,66,28,2015-2016,1,,,,,,,
Chelsea,12,30,5,85,72,0,580,204,17,8,2,3,73,12,7,64,16,33,69,78,510,652,0,839,1,2,2,20125,2399,688,218,27658,3,0,38,18,2016-2017,1,,,,,,,
Tottenham Hotspur,12,26,4,86,62,0,669,257,22,10,7,0,74,12,3,74,17,26,85,99,314,661,1,1003,1,2,2,20150,2662,761,273,28150,1,0,21,11,2016-2017,1,,,,,,,
Arsenal,12,23,9,77,68,3,566,201,17,17,4,2,70,7,2,95,13,44,124,95,536,673,5,838,1,10,10,21394,1979,697,227,28931,1,0,36,10,2016-2017,1,,,,,,,
Manchester City,12,23,6,80,71,4,633,216,20,8,7,2,73,7,6,89,12,39,64,66,504,643,0,905,1,5,2,22706,1997,801,280,30363,4,2,26,20,2016-2017,1,,,,,,,
Liverpool,12,22,6,78,54,0,640,236,18,12,7,3,65,13,3,77,12,42,73,65,410,719,2,877,0,5,3,22290,2565,812,249,30071,0,2,36,26,2016-2017,1,,,,,,,
Manchester United,12,18,5,54,78,2,591,210,19,9,3,1,47,7,5,99,17,29,85,99,584,690,4,1112,1,5,4,20245,2424,848,217,28119,1,1,32,4,2016-2017,1,,,,,,,
Everton,12,17,11,62,72,2,502,191,12,13,3,2,59,3,2,82,13,44,96,149,461,712,6,1118,1,6,3,17586,2968,767,196,25309,9,2,56,19,2016-2017,1,,,,,,,
AFC Bournemouth,3,12,16,55,52,3,452,160,19,5,7,0,51,5,2,53,10,67,123,150,460,604,1,1092,5,5,2,17152,2461,628,193,24801,4,2,36,21,2016-2017,3,,,,,,,
Crystal Palace,5,12,21,50,77,0,439,138,8,13,4,0,48,2,0,55,7,63,108,125,553,699,4,1022,0,2,2,13542,2729,872,203,21533,7,0,56,12,2016-2017,2,,,,,,,
Leicester City,4,12,18,48,72,1,433,145,8,10,4,1,39,9,4,65,9,63,131,141,538,677,3,1025,2,4,4,13671,2792,731,197,21051,2,0,45,16,2016-2017,2,,,,,,,
Southampton,6,12,16,41,59,2,550,179,12,4,3,0,37,4,0,73,14,48,76,128,514,675,1,914,1,9,6,18245,2336,947,198,25881,4,1,26,12,2016-2017,2,,,,,,,
Swansea City,7,12,21,45,56,0,405,145,10,15,3,2,40,5,1,49,8,70,121,136,459,635,1,1037,5,9,6,16131,2579,864,196,23728,2,1,72,16,2016-2017,2,,,,,,,
West Bromwich Albion,9,12,17,43,80,0,399,123,11,16,1,1,37,6,3,59,6,51,116,150,537,605,0,999,1,3,3,11825,2653,766,159,19042,3,0,53,10,2016-2017,2,,,,,,,
West Ham United,11,12,17,47,78,5,499,138,14,14,3,3,41,6,3,74,10,64,117,112,614,574,4,1074,0,8,5,15127,2622,752,172,22666,3,1,47,11,2016-2017,1,,,,,,,
Burnley,4,11,20,39,65,2,391,120,5,4,6,3,31,8,2,101,10,55,151,221,539,638,2,1233,2,5,4,12558,3176,650,149,19776,6,1,29,14,2016-2017,2,,,,,,,
Stoke City,10,11,16,41,70,2,425,137,14,7,4,2,36,5,0,85,11,56,127,159,497,666,3,1009,5,3,1,14558,2507,718,188,22087,5,1,40,23,2016-2017,1,,,,,,,
Watford,4,11,20,40,84,5,422,143,7,9,3,0,36,4,0,61,7,68,121,140,512,618,0,1016,2,4,3,14049,2600,686,164,21547,3,1,53,35,2016-2017,2,,,,,,,
Hull City,5,9,22,37,67,5,397,126,10,5,3,2,33,4,3,71,5,80,137,184,573,631,3,1101,5,13,11,15596,2650,739,179,22779,6,2,40,18,2016-2017,2,,,,,,,
Sunderland,10,6,26,29,78,4,387,119,4,1,5,0,26,3,0,78,6,69,176,171,543,630,0,1170,2,4,4,12359,2592,616,159,19639,5,0,57,24,2016-2017,1,,,,,,,
Middlesbrough,4,5,20,27,77,1,351,100,6,8,2,0,26,1,3,51,11,53,117,149,549,727,4,1090,0,5,4,15736,2856,722,141,23067,4,0,39,17,2016-2017,2,,,,,,,
Manchester City,12,32,2,106,59,2,665,265,23,12,6,1,93,13,4,67,18,27,62,53,346,563,3,588,2,2,0,28241,1775,691,284,35130,4,2,21,15,2017-2018,1,,,,,,,
Manchester United,12,25,7,68,64,1,512,178,16,12,1,2,56,13,4,88,19,28,118,112,481,564,0,853,2,1,1,20064,2308,753,220,27525,4,0,20,6,2017-2018,1,,,,,,,
Tottenham Hotspur,12,23,7,74,50,2,623,216,13,11,2,1,64,11,8,88,16,36,93,74,380,618,3,825,1,3,2,21660,2447,825,246,29412,1,0,20,21,2017-2018,1,,,,,,,
Chelsea,12,21,10,62,42,4,606,220,11,17,3,2,52,10,1,108,16,38,83,107,423,636,1,768,2,2,2,21264,2140,755,230,28728,3,0,27,12,2017-2018,1,,,,,,,
Liverpool,12,21,5,84,44,1,638,233,16,12,2,2,75,9,9,70,17,38,67,71,379,637,4,736,0,6,4,22962,2370,764,230,30324,2,2,25,20,2017-2018,1,,,,,,,
Arsenal,12,19,13,74,57,2,594,234,17,13,4,1,68,7,0,89,13,51,100,104,427,623,5,829,0,6,5,23524,1994,572,225,30635,5,1,39,24,2017-2018,1,,,,,,,
Burnley,4,14,12,36,65,0,378,128,9,10,0,1,32,4,0,100,12,39,122,191,401,533,2,1184,1,6,3,13572,3028,707,167,20732,5,1,60,19,2017-2018,2,,,,,,,
Everton,12,13,15,44,51,3,359,121,7,8,5,0,36,8,2,82,10,58,121,160,514,644,0,1229,1,5,3,14749,2726,629,150,22298,6,1,28,23,2017-2018,1,,,,,,,
Leicester City,4,12,15,56,52,5,423,149,8,9,5,1,49,7,7,92,9,60,107,130,413,630,1,920,2,4,2,15200,2667,744,203,22770,4,2,29,23,2017-2018,2,,,,,,,
Newcastle United,10,12,18,39,52,2,451,149,12,7,0,1,34,5,5,63,9,47,105,117,441,644,6,1125,3,6,4,14028,2610,616,167,21506,7,2,40,18,2017-2018,1,,,,,,,
AFC Bournemouth,3,11,16,45,55,1,465,158,10,4,3,1,38,7,0,52,6,61,111,160,367,508,3,1037,1,3,2,16131,2299,707,218,23634,6,1,37,20,2017-2018,3,,,,,,,
Crystal Palace,5,11,16,45,72,0,476,151,8,4,8,1,39,6,3,56,9,55,122,117,552,685,6,1022,2,2,2,14372,2416,703,210,22434,6,0,39,11,2017-2018,2,,,,,,,
Watford,4,11,19,44,63,4,440,132,8,9,3,0,38,6,1,74,9,64,95,98,467,668,2,953,1,6,6,15654,2410,713,183,23127,5,0,25,28,2017-2018,2,,,,,,,
West Ham United,11,10,16,48,73,2,372,133,14,6,2,1,39,10,4,97,10,68,122,154,482,621,2,1007,1,7,5,14369,2567,732,161,21928,4,1,19,19,2017-2018,1,,,,,,,
Brighton and Hove Albion,1,9,16,34,54,2,384,119,8,7,5,0,30,4,0,98,10,54,124,190,449,599,1,1085,5,3,1,14675,2774,680,163,21668,10,2,38,14,2017-2018,3,,,,,,,
Huddersfield Town,1,9,19,28,62,3,362,109,8,5,2,0,27,1,2,67,10,58,103,118,519,744,4,1070,1,6,4,14960,2563,765,165,22619,6,2,31,24,2017-2018,3,,,,,,,
Swansea City,7,8,21,28,51,1,338,103,8,3,1,0,24,4,0,38,9,56,137,124,390,610,2,943,2,7,3,15721,2580,694,150,22775,1,3,44,15,2017-2018,2,,,,,,,
Southampton,6,7,16,37,63,2,450,145,15,7,3,1,34,3,2,73,8,56,110,128,462,658,4,953,1,2,1,17174,2541,800,227,24639,4,1,29,13,2017-2018,2,,,,,,,
Stoke City,10,7,19,35,62,1,384,132,8,8,0,1,28,8,2,87,6,68,152,142,461,678,9,1164,2,5,5,12892,2528,598,136,20368,3,0,27,14,2017-2018,1,,,,,,,
West Bromwich Albion,9,6,19,31,73,1,378,114,7,10,1,1,29,2,2,79,10,56,102,148,469,604,0,993,2,1,1,13218,2699,784,176,20552,3,0,40,5,2017-2018,2,,,,,,,
